{"m_DefineSymbols":{"m_Value":{"Android":"DOTWEEN","EmbeddedLinux":"DOTWEEN","GameCoreScarlett":"DOTWEEN","GameCoreXboxOne":"DOTWEEN","LinuxHeadlessSimulation":"DOTWEEN","Nintendo Switch":"DOTWEEN","PS4":"DOTWEEN","PS5":"DOTWEEN","QNX":"DOTWEEN","Stadia":"DOTWEEN","Standalone":"DOTWEEN","VisionOS":"DOTWEEN","WebGL":"DOTWEEN","Windows Store Apps":"DOTWEEN","XboxOne":"DOTWEEN","iPhone":"DOTWEEN","tvOS":"DOTWEEN"},"m_Initialized":true},"m_AllowUnsafeCode":{"m_Value":false,"m_Initialized":false},"m_ScriptDebugInfoEnabled":{"m_Value":false,"m_Initialized":true}}